[
  {
    "id": "311a2f1f-a338-49da-b48f-2d3194edd21d",
    "data": [
      {
        "text": "Crop switching tips?",
        "userDefined": false
      }
    ],
    "isTemplate": false,
    "count": 0,
    "lang": "en",
    "updated": 0
  },
  {
    "id": "3e5afa79-0cf7-42cf-8b61-3e857264c33d",
    "data": [
      {
        "text": "Tell me the rotation method",
        "userDefined": false
      }
    ],
    "isTemplate": false,
    "count": 0,
    "lang": "en",
    "updated": 0
  },
  {
    "id": "0d28573d-ade0-4ee4-8b75-382d2da4dee9",
    "data": [
      {
        "text": "How should I change crops seasonally?",
        "userDefined": false
      }
    ],
    "isTemplate": false,
    "count": 0,
    "lang": "en",
    "updated": 0
  },
  {
    "id": "892aba67-8f2d-4bbe-8899-08bd5489bc6f",
    "data": [
      {
        "text": "Why rotate crops?",
        "userDefined": false
      }
    ],
    "isTemplate": false,
    "count": 0,
    "lang": "en",
    "updated": 0
  },
  {
    "id": "55d81f4a-10a4-401b-85a6-670d9c9369c1",
    "data": [
      {
        "text": "What is crop rotation?",
        "userDefined": false
      }
    ],
    "isTemplate": false,
    "count": 0,
    "lang": "en",
    "updated": 0
  }
]