[
  {
    "id": "c6a59627-8739-429e-ac68-c47ecd1367b0",
    "data": [
      {
        "text": "Pest control for ",
        "userDefined": false
      },
      {
        "text": "tomatoes",
        "meta": "@crop_name",
        "alias": "crop_name",
        "userDefined": true
      },
      {
        "text": " in ",
        "userDefined": false
      },
      {
        "text": "winter",
        "meta": "@season",
        "alias": "season",
        "userDefined": true
      }
    ],
    "isTemplate": false,
    "count": 0,
    "lang": "en",
    "updated": 0
  },
  {
    "id": "ed08fb5b-4108-4c2b-9ed4-9dc669aea5ae",
    "data": [
      {
        "text": "What can I do about pests like ",
        "userDefined": false
      },
      {
        "text": "aphids",
        "meta": "@pest_name",
        "alias": "pest_name",
        "userDefined": true
      },
      {
        "text": "?",
        "userDefined": false
      }
    ],
    "isTemplate": false,
    "count": 0,
    "lang": "en",
    "updated": 0
  },
  {
    "id": "c70ed3d2-f3a8-4f46-8a63-6a79810f3863",
    "data": [
      {
        "text": "Tell me natural ways to kill bugs",
        "userDefined": false
      }
    ],
    "isTemplate": false,
    "count": 0,
    "lang": "en",
    "updated": 0
  },
  {
    "id": "99dd3399-e3b2-424b-98b9-13b30cef0bd0",
    "data": [
      {
        "text": "What are organic pest control methods?",
        "userDefined": false
      }
    ],
    "isTemplate": false,
    "count": 0,
    "lang": "en",
    "updated": 0
  },
  {
    "id": "5452b7a6-c560-4737-b8cf-a89da04e8896",
    "data": [
      {
        "text": "How to get rid of pests?",
        "userDefined": false
      }
    ],
    "isTemplate": false,
    "count": 0,
    "lang": "en",
    "updated": 0
  }
]