[
  {
    "id": "f297a257-f326-4a66-92f7-72ae1f11f1b4",
    "data": [
      {
        "text": "Any natural pesticide?",
        "userDefined": false
      }
    ],
    "isTemplate": false,
    "count": 0,
    "lang": "en",
    "updated": 0
  },
  {
    "id": "61cd39f7-efa9-46cc-bca9-ea0b32668850",
    "data": [
      {
        "text": "Neem oil for insects?",
        "userDefined": false
      }
    ],
    "isTemplate": false,
    "count": 0,
    "lang": "en",
    "updated": 0
  },
  {
    "id": "c70ed3d2-f3a8-4f46-8a63-6a79810f3863",
    "data": [
      {
        "text": "Tell me natural ways to kill bugs",
        "userDefined": false
      }
    ],
    "isTemplate": false,
    "count": 0,
    "lang": "en",
    "updated": 0
  },
  {
    "id": "99dd3399-e3b2-424b-98b9-13b30cef0bd0",
    "data": [
      {
        "text": "What are organic pest control methods?",
        "userDefined": false
      }
    ],
    "isTemplate": false,
    "count": 0,
    "lang": "en",
    "updated": 0
  },
  {
    "id": "5452b7a6-c560-4737-b8cf-a89da04e8896",
    "data": [
      {
        "text": "How to get rid of pests?",
        "userDefined": false
      }
    ],
    "isTemplate": false,
    "count": 0,
    "lang": "en",
    "updated": 0
  }
]