[
  {
    "id": "39f34312-9929-4297-b1fb-cb70a4966d27",
    "data": [
      {
        "text": "How can I grow better crops?",
        "userDefined": false
      }
    ],
    "isTemplate": false,
    "count": 0,
    "lang": "en",
    "updated": 0
  },
  {
    "id": "6caf91d2-15df-4ac4-9a27-60936c9b3973",
    "data": [
      {
        "text": "Any tips for soil nutrients?",
        "userDefined": false
      }
    ],
    "isTemplate": false,
    "count": 0,
    "lang": "en",
    "updated": 0
  },
  {
    "id": "d78a6933-b645-4595-9ef0-c93cbe1057dd",
    "data": [
      {
        "text": "Tell me how to enrich the soil",
        "userDefined": false
      }
    ],
    "isTemplate": false,
    "count": 0,
    "lang": "en",
    "updated": 0
  },
  {
    "id": "46ddf6b3-b635-4513-8853-d5a729a2ce06",
    "data": [
      {
        "text": "What should I add to soil?",
        "userDefined": false
      }
    ],
    "isTemplate": false,
    "count": 0,
    "lang": "en",
    "updated": 0
  },
  {
    "id": "71a5b19f-b819-44fa-82b2-bef5cbb17989",
    "data": [
      {
        "text": "How do I improve soil fertility?",
        "userDefined": false
      }
    ],
    "isTemplate": false,
    "count": 0,
    "lang": "en",
    "updated": 0
  }
]