[
  {
    "value": "wheat",
    "synonyms": [
      "wheat"
    ]
  },
  {
    "value": "rice",
    "synonyms": [
      "rice"
    ]
  },
  {
    "value": "corn",
    "synonyms": [
      "corn"
    ]
  },
  {
    "value": "tomato",
    "synonyms": [
      "tomato"
    ]
  },
  {
    "value": "potato",
    "synonyms": [
      "potato"
    ]
  },
  {
    "value": "cabbage",
    "synonyms": [
      "cabbage"
    ]
  },
  {
    "value": "carrot",
    "synonyms": [
      "carrot"
    ]
  },
  {
    "value": "spinach",
    "synonyms": [
      "spinach"
    ]
  }
]