[
  {
    "value": "1 month",
    "synonyms": [
      "1 month"
    ]
  },
  {
    "value": "2 months",
    "synonyms": [
      "2 months"
    ]
  },
  {
    "value": "3 weeks",
    "synonyms": [
      "3 weeks"
    ]
  },
  {
    "value": "6 weeks",
    "synonyms": [
      "6 weeks"
    ]
  },
  {
    "value": "one season",
    "synonyms": [
      "one season"
    ]
  },
  {
    "value": "half a year",
    "synonyms": [
      "half a year"
    ]
  },
  {
    "value": "1 year",
    "synonyms": [
      "1 year"
    ]
  }
]