[
  {
    "value": "aphids",
    "synonyms": [
      "aphids"
    ]
  },
  {
    "value": "fruit fly",
    "synonyms": [
      "fruit fly"
    ]
  },
  {
    "value": "mites",
    "synonyms": [
      "mites"
    ]
  },
  {
    "value": "caterpillars",
    "synonyms": [
      "caterpillars"
    ]
  },
  {
    "value": "whitefiles",
    "synonyms": [
      "whitefiles"
    ]
  },
  {
    "value": "beetles",
    "synonyms": [
      "beetles"
    ]
  },
  {
    "value": "mealybugs",
    "synonyms": [
      "mealybugs"
    ]
  }
]