[
  {
    "value": "crop rotation",
    "synonyms": [
      "crop rotation"
    ]
  },
  {
    "value": "composting",
    "synonyms": [
      "composting"
    ]
  },
  {
    "value": "vermicomposting",
    "synonyms": [
      "vermicomposting"
    ]
  },
  {
    "value": "mulching",
    "synonyms": [
      "mulching"
    ]
  },
  {
    "value": "green manure",
    "synonyms": [
      "green manure"
    ]
  },
  {
    "value": "cover cropping",
    "synonyms": [
      "cover cropping"
    ]
  },
  {
    "value": "companion planting",
    "synonyms": [
      "companion planting"
    ]
  }
]