[
  {
    "value": "summer",
    "synonyms": [
      "summer"
    ]
  },
  {
    "value": "winter",
    "synonyms": [
      "winter"
    ]
  },
  {
    "value": "spring",
    "synonyms": [
      "spring"
    ]
  },
  {
    "value": "autumn",
    "synonyms": [
      "autumn"
    ]
  },
  {
    "value": "monsoon",
    "synonyms": [
      "monsoon"
    ]
  },
  {
    "value": "rainy season",
    "synonyms": [
      "rainy season"
    ]
  },
  {
    "value": "dry season",
    "synonyms": [
      "dry season"
    ]
  }
]