[
  {
    "id": "601ecb97-ab43-409c-b788-c77a6946cbcf",
    "data": [
      {
        "text": "Best way to make compost?",
        "userDefined": false
      }
    ],
    "isTemplate": false,
    "count": 0,
    "lang": "en",
    "updated": 0
  },
  {
    "id": "ab8ca484-b2a2-480f-afb5-44849416970b",
    "data": [
      {
        "text": "How to compost kitchen waste?",
        "userDefined": false
      }
    ],
    "isTemplate": false,
    "count": 0,
    "lang": "en",
    "updated": 0
  },
  {
    "id": "413056a6-d541-4253-806f-455faa5e338a",
    "data": [
      {
        "text": "What is vermicomposting?",
        "userDefined": false
      }
    ],
    "isTemplate": false,
    "count": 0,
    "lang": "en",
    "updated": 0
  },
  {
    "id": "1f86d2f5-708c-4773-85db-fcb024585de1",
    "data": [
      {
        "text": "How do I make compost?",
        "userDefined": false
      }
    ],
    "isTemplate": false,
    "count": 0,
    "lang": "en",
    "updated": 0
  },
  {
    "id": "8f554c06-c7c3-4994-a070-6aff80f4f18a",
    "data": [
      {
        "text": "What are composting methods?",
        "userDefined": false
      }
    ],
    "isTemplate": false,
    "count": 0,
    "lang": "en",
    "updated": 0
  }
]